{"cameraMode":{"drawMode":0,"name":"Shaded","section":"Shading Mode"},"sceneLighting":true,"audioPlay":false,"sceneViewState":{"showFog":true,"showMaterialUpdate":false,"showSkybox":true,"showFlares":true,"showImageEffects":true,"showParticleSystems":true},"in2DMode":false,"pivot":{"x":-0.10000000149011612,"y":1.0399999618530274,"z":-5.389999866485596},"rotation":{"x":-0.3889925181865692,"y":-0.01685863547027111,"z":0.007130755111575127,"w":-0.9210792183876038},"size":10.0,"orthographic":false}