{"cameraMode":{"drawMode":0,"name":"Shaded","section":"Shading Mode"},"sceneLighting":false,"audioPlay":false,"sceneViewState":{"showFog":true,"showMaterialUpdate":true,"showSkybox":false,"showFlares":true,"showImageEffects":true,"showParticleSystems":true},"in2DMode":false,"pivot":{"x":0.000012159347534179688,"y":0.19328060746192933,"z":-5.13599967956543},"rotation":{"x":0.06072111055254936,"y":0.12068569660186768,"z":-0.0073627931997179989,"w":0.9908462762832642},"size":4.2932329177856449,"orthographic":true}