{"cameraMode":{"drawMode":0,"name":"Shaded","section":"Shading Mode"},"sceneLighting":false,"audioPlay":false,"sceneViewState":{"showFog":true,"showMaterialUpdate":false,"showSkybox":false,"showFlares":true,"showImageEffects":true,"showParticleSystems":true},"in2DMode":false,"pivot":{"x":412.7972412109375,"y":240.5865020751953,"z":-56.09889221191406},"rotation":{"x":-0.010723141022026539,"y":0.9887521266937256,"z":-0.08804231137037277,"w":-0.12042615562677384},"size":87.1731185913086,"orthographic":false}