{"cameraMode":{"drawMode":0,"name":"Shaded","section":"Shading Mode"},"sceneLighting":false,"audioPlay":false,"sceneViewState":{"showFog":true,"showMaterialUpdate":true,"showSkybox":false,"showFlares":true,"showImageEffects":true,"showParticleSystems":true},"in2DMode":false,"pivot":{"x":-6.739500045776367,"y":3.0149998664855959,"z":-11.337898254394532},"rotation":{"x":0.03718913719058037,"y":-0.018282046541571618,"z":0.0006591292330995202,"w":0.9991963505744934},"size":4.062774181365967,"orthographic":true}