{"cameraMode":{"drawMode":0,"name":"Shaded","section":"Shading Mode"},"sceneLighting":true,"audioPlay":false,"sceneViewState":{"showFog":true,"showMaterialUpdate":true,"showSkybox":true,"showFlares":true,"showImageEffects":true,"showParticleSystems":true},"in2DMode":false,"pivot":{"x":-1.8183057308197022,"y":2.452179431915283,"z":-10.362600326538086},"rotation":{"x":0.017701180651783944,"y":0.004203608259558678,"z":-0.00008422278915531933,"w":0.9998873472213745},"size":10.0,"orthographic":true}