{"cameraMode":{"drawMode":0,"name":"Shaded","section":"Shading Mode"},"sceneLighting":true,"audioPlay":false,"sceneViewState":{"showFog":true,"showMaterialUpdate":false,"showSkybox":true,"showFlares":true,"showImageEffects":true,"showParticleSystems":true},"in2DMode":false,"pivot":{"x":0.000012159347534179688,"y":0.19328060746192933,"z":-0.005999922752380371},"rotation":{"x":0.037191372364759448,"y":0.012290393933653832,"z":-0.00042997306445613503,"w":0.9992600679397583},"size":6.935083866119385,"orthographic":true}