{"cameraMode":{"drawMode":0,"name":"Shaded","section":"Shading Mode"},"sceneLighting":true,"audioPlay":false,"sceneViewState":{"showFog":true,"showMaterialUpdate":false,"showSkybox":true,"showFlares":true,"showImageEffects":true,"showParticleSystems":true},"in2DMode":false,"pivot":{"x":0.19424395263195039,"y":0.6738441586494446,"z":3.0156869888305666},"rotation":{"x":-0.15639165043830872,"y":-0.045624248683452609,"z":0.007220448926091194,"w":-0.9866380095481873},"size":6.599115371704102,"orthographic":true}