{"cameraMode":{"drawMode":0,"name":"Shaded","section":"Shading Mode"},"sceneLighting":false,"audioPlay":false,"sceneViewState":{"showFog":true,"showMaterialUpdate":true,"showSkybox":false,"showFlares":true,"showImageEffects":true,"showParticleSystems":true},"in2DMode":false,"pivot":{"x":0.000012159347534179688,"y":0.19328060746192933,"z":-5.13599967956543},"rotation":{"x":0.07328680157661438,"y":0.5310752391815186,"z":-0.04613049700856209,"w":0.8429388403892517},"size":4.2932329177856449,"orthographic":true}