{"cameraMode":{"drawMode":0,"name":"Shaded","section":"Shading Mode"},"sceneLighting":true,"audioPlay":false,"sceneViewState":{"showFog":true,"showMaterialUpdate":true,"showSkybox":true,"showFlares":true,"showImageEffects":true,"showParticleSystems":true},"in2DMode":false,"pivot":{"x":0.000012159347534179688,"y":0.19328060746192933,"z":8.993999481201172},"rotation":{"x":0.02819860726594925,"y":0.007203401532024145,"z":-0.00021937096607871354,"w":0.9996340274810791},"size":4.68831729888916,"orthographic":true}