{"cameraMode":{"drawMode":0,"name":"Shaded","section":"Shading Mode"},"sceneLighting":false,"audioPlay":false,"sceneViewState":{"showFog":true,"showMaterialUpdate":true,"showSkybox":false,"showFlares":true,"showImageEffects":true,"showParticleSystems":true},"in2DMode":false,"pivot":{"x":-1.4992412328720093,"y":-3.9953649044036867,"z":-10.31341552734375},"rotation":{"x":0.1893559992313385,"y":0.6710029244422913,"z":-0.18332955241203309,"w":0.6930946111679077},"size":8.043009757995606,"orthographic":true}