{"cameraMode":{"drawMode":0,"name":"Shaded","section":"Shading Mode"},"sceneLighting":true,"audioPlay":false,"sceneViewState":{"showFog":true,"showMaterialUpdate":false,"showSkybox":true,"showFlares":true,"showImageEffects":true,"showParticleSystems":true},"in2DMode":false,"pivot":{"x":-0.5894469022750855,"y":-1.798682451248169,"z":-2.2380051612854006},"rotation":{"x":-0.02519889548420906,"y":-0.00570511631667614,"z":0.00013130877050571144,"w":-0.9996882677078247},"size":3.6314010620117189,"orthographic":true}