{"cameraMode":{"drawMode":0,"name":"Shaded","section":"Shading Mode"},"sceneLighting":false,"audioPlay":false,"sceneViewState":{"showFog":true,"showMaterialUpdate":false,"showSkybox":false,"showFlares":true,"showImageEffects":true,"showParticleSystems":true},"in2DMode":false,"pivot":{"x":-6.739500045776367,"y":3.0149998664855959,"z":-11.337898254394532},"rotation":{"x":-0.02519889548420906,"y":-0.00570511631667614,"z":0.00013130877050571144,"w":-0.9996882677078247},"size":4.062774181365967,"orthographic":true}