{"cameraMode":{"drawMode":0,"name":"Shaded","section":"Shading Mode"},"sceneLighting":true,"audioPlay":false,"sceneViewState":{"showFog":true,"showMaterialUpdate":true,"showSkybox":true,"showFlares":true,"showImageEffects":true,"showParticleSystems":true},"in2DMode":false,"pivot":{"x":0.0,"y":0.7000000476837158,"z":15.135971069335938},"rotation":{"x":0.14046628773212434,"y":0.6378194689750671,"z":-0.11984571814537049,"w":0.747791051864624},"size":5.9866180419921879,"orthographic":true}