{"cameraMode":{"drawMode":0,"name":"Shaded","section":"Shading Mode"},"sceneLighting":false,"audioPlay":false,"sceneViewState":{"showFog":true,"showMaterialUpdate":false,"showSkybox":false,"showFlares":true,"showImageEffects":true,"showParticleSystems":true},"in2DMode":false,"pivot":{"x":0.0010039806365966797,"y":0.8050003051757813,"z":-1.4571456909179688},"rotation":{"x":0.09505344182252884,"y":0.2920594811439514,"z":-0.02919757552444935,"w":0.9512307643890381},"size":4.067463397979736,"orthographic":false}