{"cameraMode":{"drawMode":0,"name":"Shaded","section":"Shading Mode"},"sceneLighting":false,"audioPlay":false,"sceneViewState":{"showFog":true,"showMaterialUpdate":false,"showSkybox":false,"showFlares":true,"showImageEffects":true,"showParticleSystems":true},"in2DMode":false,"pivot":{"x":408.53094482421877,"y":196.9688720703125,"z":100.16757202148438},"rotation":{"x":-0.09455449134111405,"y":-0.04866427928209305,"z":0.004627691116183996,"w":-0.9943179488182068},"size":210.23658752441407,"orthographic":false}