{"cameraMode":{"drawMode":0,"name":"Shaded","section":"Shading Mode"},"sceneLighting":true,"audioPlay":false,"sceneViewState":{"showFog":true,"showMaterialUpdate":false,"showSkybox":true,"showFlares":true,"showImageEffects":true,"showParticleSystems":true},"in2DMode":false,"pivot":{"x":0.08072198927402497,"y":0.49000000953674319,"z":-0.7400000095367432},"rotation":{"x":0.01019143033772707,"y":0.04528231918811798,"z":-0.00045338424388319254,"w":0.9989529252052307},"size":2.157090902328491,"orthographic":true}