{"cameraMode":{"drawMode":0,"name":"Shaded","section":"Shading Mode"},"sceneLighting":true,"audioPlay":false,"sceneViewState":{"showFog":true,"showMaterialUpdate":true,"showSkybox":true,"showFlares":true,"showImageEffects":true,"showParticleSystems":true},"in2DMode":false,"pivot":{"x":0.000012159347534179688,"y":0.19328060746192933,"z":8.993999481201172},"rotation":{"x":0.04613100364804268,"y":0.04913583770394325,"z":-0.002291145035997033,"w":0.9977813959121704},"size":12.324499130249024,"orthographic":true}