{"cameraMode":{"drawMode":0,"name":"Shaded","section":"Shading Mode"},"sceneLighting":true,"audioPlay":false,"sceneViewState":{"showFog":true,"showMaterialUpdate":false,"showSkybox":true,"showFlares":true,"showImageEffects":true,"showParticleSystems":true},"in2DMode":false,"pivot":{"x":-2.240365505218506,"y":-0.24661995470523835,"z":-7.185995101928711},"rotation":{"x":-0.11430385708808899,"y":-0.6126745343208313,"z":0.09016092866659165,"w":-0.7768301367759705},"size":3.3073947429656984,"orthographic":false}