{"cameraMode":{"drawMode":0,"name":"Shaded","section":"Shading Mode"},"sceneLighting":true,"audioPlay":false,"sceneViewState":{"showFog":true,"showMaterialUpdate":true,"showSkybox":true,"showFlares":true,"showImageEffects":true,"showParticleSystems":true},"in2DMode":false,"pivot":{"x":-1.8183057308197022,"y":2.452179431915283,"z":-10.362600326538086},"rotation":{"x":0.041851453483104709,"y":0.5965784192085266,"z":-0.03116491250693798,"w":0.8009230494499207},"size":10.0,"orthographic":true}