{"cameraMode":{"drawMode":0,"name":"Shaded","section":"Shading Mode"},"sceneLighting":true,"audioPlay":false,"sceneViewState":{"showFog":true,"showMaterialUpdate":true,"showSkybox":true,"showFlares":true,"showImageEffects":true,"showParticleSystems":true},"in2DMode":false,"pivot":{"x":0.000012159347534179688,"y":0.19328060746192933,"z":8.993999481201172},"rotation":{"x":0.10712075233459473,"y":0.08312655240297318,"z":-0.009019467979669571,"w":0.9907830357551575},"size":12.324499130249024,"orthographic":true}