{"cameraMode":{"drawMode":0,"name":"Shaded","section":"Shading Mode"},"sceneLighting":false,"audioPlay":false,"sceneViewState":{"showFog":true,"showMaterialUpdate":true,"showSkybox":false,"showFlares":true,"showImageEffects":true,"showParticleSystems":true},"in2DMode":false,"pivot":{"x":-1.8183057308197022,"y":2.452179431915283,"z":-10.362600326538086},"rotation":{"x":0.022199688479304315,"y":-0.007794275879859924,"z":0.0002015159116126597,"w":0.9997660517692566},"size":10.0,"orthographic":true}