{"cameraMode":{"drawMode":0,"name":"Shaded","section":"Shading Mode"},"sceneLighting":true,"audioPlay":false,"sceneViewState":{"showFog":true,"showMaterialUpdate":true,"showSkybox":true,"showFlares":true,"showImageEffects":true,"showParticleSystems":true},"in2DMode":false,"pivot":{"x":-1.8183057308197022,"y":2.452179431915283,"z":-10.362600326538086},"rotation":{"x":0.071344755589962,"y":0.5842289924621582,"z":-0.05167281627655029,"w":0.8068594336509705},"size":10.0,"orthographic":true}