{"cameraMode":{"drawMode":0,"name":"Shaded","section":"Shading Mode"},"sceneLighting":false,"audioPlay":false,"sceneViewState":{"showFog":true,"showMaterialUpdate":true,"showSkybox":false,"showFlares":true,"showImageEffects":true,"showParticleSystems":true},"in2DMode":false,"pivot":{"x":0.00001239776611328125,"y":0.19328060746192933,"z":119.99400329589844},"rotation":{"x":-0.0947403609752655,"y":0.897004246711731,"z":-0.233485609292984,"w":-0.3633681535720825},"size":7.071067810058594,"orthographic":true}