{"cameraMode":{"drawMode":0,"name":"Shaded","section":"Shading Mode"},"sceneLighting":true,"audioPlay":false,"sceneViewState":{"showFog":true,"showMaterialUpdate":false,"showSkybox":true,"showFlares":true,"showImageEffects":true,"showParticleSystems":true},"in2DMode":false,"pivot":{"x":483.3641357421875,"y":51.35910415649414,"z":-45.81422424316406},"rotation":{"x":0.1773456484079361,"y":-0.12247344106435776,"z":0.02224358543753624,"w":0.9762492179870606},"size":30.13027572631836,"orthographic":false}