{"cameraMode":{"drawMode":0,"name":"Shaded","section":"Shading Mode"},"sceneLighting":false,"audioPlay":false,"sceneViewState":{"showFog":true,"showMaterialUpdate":false,"showSkybox":false,"showFlares":true,"showImageEffects":true,"showParticleSystems":true},"in2DMode":false,"pivot":{"x":-0.12999999523162843,"y":0.2849999964237213,"z":0.25},"rotation":{"x":-0.06711637228727341,"y":-0.03262946009635925,"z":0.0021959429141134025,"w":-0.9972327947616577},"size":0.1976557821035385,"orthographic":true}