{"cameraMode":{"drawMode":0,"name":"Shaded","section":"Shading Mode"},"sceneLighting":true,"audioPlay":false,"sceneViewState":{"showFog":true,"showMaterialUpdate":false,"showSkybox":true,"showFlares":true,"showImageEffects":true,"showParticleSystems":true},"in2DMode":false,"pivot":{"x":431.28106689453127,"y":263.6007995605469,"z":-12.366912841796875},"rotation":{"x":0.044628042727708819,"y":0.052127353847026828,"z":-0.002321607666090131,"w":0.9976806044578552},"size":332.9002990722656,"orthographic":true}