{"cameraMode":{"drawMode":0,"name":"Shaded","section":"Shading Mode"},"sceneLighting":true,"audioPlay":false,"sceneViewState":{"showFog":true,"showMaterialUpdate":false,"showSkybox":true,"showFlares":true,"showImageEffects":true,"showParticleSystems":true},"in2DMode":false,"pivot":{"x":4.601032257080078,"y":7.397351264953613,"z":92.93643188476563},"rotation":{"x":-0.019144995138049127,"y":-0.07612048089504242,"z":0.0014585547614842654,"w":-0.9969360828399658},"size":-1.4518239498138428,"orthographic":false}