{"cameraMode":{"drawMode":0,"name":"Shaded","section":"Shading Mode"},"sceneLighting":false,"audioPlay":false,"sceneViewState":{"showFog":true,"showMaterialUpdate":false,"showSkybox":false,"showFlares":true,"showImageEffects":true,"showParticleSystems":true},"in2DMode":false,"pivot":{"x":-8.970000267028809,"y":2.2227554321289064,"z":0.7987098693847656},"rotation":{"x":-0.0920426994562149,"y":-0.5324133038520813,"z":0.05836321786046028,"w":-0.8394659161567688},"size":0.75,"orthographic":true}