{"cameraMode":{"drawMode":0,"name":"Shaded","section":"Shading Mode"},"sceneLighting":false,"audioPlay":false,"sceneViewState":{"showFog":true,"showMaterialUpdate":false,"showSkybox":false,"showFlares":true,"showImageEffects":true,"showParticleSystems":true},"in2DMode":false,"pivot":{"x":0.0,"y":0.27000001072883608,"z":-1.9199999570846558},"rotation":{"x":-0.00515090161934495,"y":-0.7041365504264832,"z":0.005033052060753107,"w":-0.710064172744751},"size":2.021207571029663,"orthographic":true}