{"cameraMode":{"drawMode":0,"name":"Shaded","section":"Shading Mode"},"sceneLighting":false,"audioPlay":false,"sceneViewState":{"showFog":true,"showMaterialUpdate":false,"showSkybox":false,"showFlares":true,"showImageEffects":true,"showParticleSystems":true},"in2DMode":false,"pivot":{"x":0.0,"y":0.27000001072883608,"z":-5.050000190734863},"rotation":{"x":0.20316821336746217,"y":0.00968888308852911,"z":-0.002023498062044382,"w":0.9791075587272644},"size":4.032369136810303,"orthographic":false}