{"cameraMode":{"drawMode":0,"name":"Shaded","section":"Shading Mode"},"sceneLighting":true,"audioPlay":false,"sceneViewState":{"showFog":true,"showMaterialUpdate":false,"showSkybox":true,"showFlares":true,"showImageEffects":true,"showParticleSystems":true},"in2DMode":false,"pivot":{"x":-3.667968988418579,"y":4.606349945068359,"z":5.513422012329102},"rotation":{"x":-0.07237187027931214,"y":0.14341014623641969,"z":-0.010558280162513256,"w":-0.9869828820228577},"size":6.829586982727051,"orthographic":true}