{"cameraMode":{"drawMode":0,"name":"Shaded","section":"Shading Mode"},"sceneLighting":true,"audioPlay":false,"sceneViewState":{"showFog":true,"showMaterialUpdate":false,"showSkybox":true,"showFlares":true,"showImageEffects":true,"showParticleSystems":true},"in2DMode":false,"pivot":{"x":1.8499398231506348,"y":0.4500000476837158,"z":85.29922485351563},"rotation":{"x":0.06266201287508011,"y":-0.0026961099356412889,"z":0.00017941171245183796,"w":0.9980612397193909},"size":3.4926204681396486,"orthographic":true}