{"cameraMode":{"drawMode":0,"name":"Shaded","section":"Shading Mode"},"sceneLighting":false,"audioPlay":false,"sceneViewState":{"showFog":true,"showMaterialUpdate":false,"showSkybox":false,"showFlares":true,"showImageEffects":true,"showParticleSystems":true},"in2DMode":false,"pivot":{"x":-0.06699982285499573,"y":0.48999977111816409,"z":-0.7399998903274536},"rotation":{"x":0.06266201287508011,"y":-0.0026961099356412889,"z":0.00017941171245183796,"w":0.9980612397193909},"size":0.4330129325389862,"orthographic":true}