{"cameraMode":{"drawMode":0,"name":"Shaded","section":"Shading Mode"},"sceneLighting":false,"audioPlay":false,"sceneViewState":{"showFog":true,"showMaterialUpdate":false,"showSkybox":false,"showFlares":true,"showImageEffects":true,"showParticleSystems":true},"in2DMode":false,"pivot":{"x":-8.970000267028809,"y":2.2227554321289064,"z":0.7987098693847656},"rotation":{"x":-0.0161990188062191,"y":0.01379223633557558,"z":-0.00026613735826686025,"w":-0.9997990727424622},"size":1.4380974769592286,"orthographic":true}