{"cameraMode":{"drawMode":0,"name":"Shaded","section":"Shading Mode"},"sceneLighting":false,"audioPlay":false,"sceneViewState":{"showFog":true,"showMaterialUpdate":true,"showSkybox":false,"showFlares":true,"showImageEffects":true,"showParticleSystems":true},"in2DMode":false,"pivot":{"x":0.000012159347534179688,"y":1.0032806396484376,"z":8.993999481201172},"rotation":{"x":0.04613100364804268,"y":0.04913583770394325,"z":-0.002291145035997033,"w":0.9977813959121704},"size":4.033918857574463,"orthographic":true}