{"cameraMode":{"drawMode":0,"name":"Shaded","section":"Shading Mode"},"sceneLighting":true,"audioPlay":false,"sceneViewState":{"showFog":true,"showMaterialUpdate":true,"showSkybox":true,"showFlares":true,"showImageEffects":true,"showParticleSystems":true},"in2DMode":false,"pivot":{"x":0.0,"y":0.7000000476837158,"z":15.135971069335938},"rotation":{"x":0.047260161489248279,"y":0.1326650232076645,"z":-0.006356561556458473,"w":0.9900650382041931},"size":8.896684646606446,"orthographic":true}