{"cameraMode":{"drawMode":0,"name":"Shaded","section":"Shading Mode"},"sceneLighting":true,"audioPlay":false,"sceneViewState":{"showFog":true,"showMaterialUpdate":false,"showSkybox":true,"showFlares":true,"showImageEffects":true,"showParticleSystems":true},"in2DMode":false,"pivot":{"x":0.000012159347534179688,"y":0.19328060746192933,"z":-0.005999922752380371},"rotation":{"x":0.023699458688497545,"y":0.006297245156019926,"z":-0.00014176279364619404,"w":0.9997313618659973},"size":4.2932329177856449,"orthographic":true}