{"cameraMode":{"drawMode":0,"name":"Shaded","section":"Shading Mode"},"sceneLighting":true,"audioPlay":false,"sceneViewState":{"showFog":true,"showMaterialUpdate":false,"showSkybox":true,"showFlares":true,"showImageEffects":true,"showParticleSystems":true},"in2DMode":false,"pivot":{"x":418.94940185546877,"y":6.443536281585693,"z":28.17568588256836},"rotation":{"x":0.06682924181222916,"y":-0.1880316585302353,"z":0.01282003615051508,"w":0.9798100590705872},"size":23.183855056762697,"orthographic":false}