{"cameraMode":{"drawMode":0,"name":"Shaded","section":"Shading Mode"},"sceneLighting":true,"audioPlay":false,"sceneViewState":{"showFog":true,"showMaterialUpdate":false,"showSkybox":true,"showFlares":true,"showImageEffects":true,"showParticleSystems":true},"in2DMode":false,"pivot":{"x":0.000012159347534179688,"y":0.19328060746192933,"z":-0.005999922752380371},"rotation":{"x":0.09101800620555878,"y":0.25142309069633486,"z":-0.023747403174638749,"w":0.963327169418335},"size":4.2932329177856449,"orthographic":true}