{"cameraMode":{"drawMode":0,"name":"Shaded","section":"Shading Mode"},"sceneLighting":false,"audioPlay":false,"sceneViewState":{"showFog":true,"showMaterialUpdate":false,"showSkybox":false,"showFlares":true,"showImageEffects":true,"showParticleSystems":true},"in2DMode":false,"pivot":{"x":0.0,"y":0.27000001072883608,"z":-1.9199999570846558},"rotation":{"x":-0.0161990188062191,"y":0.01379223633557558,"z":-0.00026613735826686025,"w":-0.9997990727424622},"size":4.032369136810303,"orthographic":true}