{"cameraMode":{"drawMode":0,"name":"Shaded","section":"Shading Mode"},"sceneLighting":true,"audioPlay":false,"sceneViewState":{"showFog":true,"showMaterialUpdate":false,"showSkybox":true,"showFlares":true,"showImageEffects":true,"showParticleSystems":true},"in2DMode":false,"pivot":{"x":1.038458228111267,"y":0.35253870487213137,"z":-9.845067977905274},"rotation":{"x":-0.06978324055671692,"y":-0.10128624737262726,"z":0.0071191019378602509,"w":-0.9924066066741943},"size":6.829586982727051,"orthographic":true}