{"cameraMode":{"drawMode":0,"name":"Shaded","section":"Shading Mode"},"sceneLighting":false,"audioPlay":false,"sceneViewState":{"showFog":true,"showMaterialUpdate":false,"showSkybox":false,"showFlares":true,"showImageEffects":true,"showParticleSystems":true},"in2DMode":false,"pivot":{"x":-6.739500045776367,"y":3.550442695617676,"z":-11.337898254394532},"rotation":{"x":-0.027884604409337045,"y":-0.14909237623214723,"z":0.004193800035864115,"w":-0.9884441494941711},"size":4.229058265686035,"orthographic":true}