{"cameraMode":{"drawMode":0,"name":"Shaded","section":"Shading Mode"},"sceneLighting":false,"audioPlay":false,"sceneViewState":{"showFog":true,"showMaterialUpdate":false,"showSkybox":false,"showFlares":true,"showImageEffects":true,"showParticleSystems":true},"in2DMode":false,"pivot":{"x":-10.119999885559082,"y":2.2227554321289064,"z":0.7987098693847656},"rotation":{"x":-0.24490304291248322,"y":-0.1636960506439209,"z":0.04198358580470085,"w":-0.9547277688980103},"size":1.145643949508667,"orthographic":false}