{"cameraMode":{"drawMode":0,"name":"Shaded","section":"Shading Mode"},"sceneLighting":false,"audioPlay":false,"sceneViewState":{"showFog":true,"showMaterialUpdate":false,"showSkybox":false,"showFlares":true,"showImageEffects":true,"showParticleSystems":true},"in2DMode":false,"pivot":{"x":-1.8183057308197022,"y":2.452179431915283,"z":-10.362600326538086},"rotation":{"x":0.03266546502709389,"y":-0.0437634140253067,"z":0.0014345190720632673,"w":0.998546838760376},"size":10.0,"orthographic":true}