{"cameraMode":{"drawMode":0,"name":"Shaded","section":"Shading Mode"},"sceneLighting":true,"audioPlay":false,"sceneViewState":{"showFog":true,"showMaterialUpdate":true,"showSkybox":true,"showFlares":true,"showImageEffects":true,"showParticleSystems":true},"in2DMode":false,"pivot":{"x":0.0,"y":0.7000000476837158,"z":15.135971069335938},"rotation":{"x":0.09841116517782211,"y":0.05192706361413002,"z":-0.005157207604497671,"w":0.9938275814056397},"size":8.896684646606446,"orthographic":true}