{"cameraMode":{"drawMode":0,"name":"Shaded","section":"Shading Mode"},"sceneLighting":false,"audioPlay":false,"sceneViewState":{"showFog":true,"showMaterialUpdate":true,"showSkybox":false,"showFlares":true,"showImageEffects":true,"showParticleSystems":true},"in2DMode":false,"pivot":{"x":0.000012159347534179688,"y":1.0032806396484376,"z":8.993999481201172},"rotation":{"x":0.08716589957475662,"y":0.5099759697914124,"z":-0.05206640809774399,"w":0.8542445302009583},"size":4.033918857574463,"orthographic":true}