{"cameraMode":{"drawMode":0,"name":"Shaded","section":"Shading Mode"},"sceneLighting":false,"audioPlay":false,"sceneViewState":{"showFog":true,"showMaterialUpdate":true,"showSkybox":false,"showFlares":true,"showImageEffects":true,"showParticleSystems":true},"in2DMode":false,"pivot":{"x":0.000012159347534179688,"y":0.19328060746192933,"z":-5.13599967956543},"rotation":{"x":0.06261765211820603,"y":0.03862221539020538,"z":-0.002386791631579399,"w":0.9973302483558655},"size":4.2932329177856449,"orthographic":true}