{"cameraMode":{"drawMode":0,"name":"Shaded","section":"Shading Mode"},"sceneLighting":true,"audioPlay":false,"sceneViewState":{"showFog":true,"showMaterialUpdate":false,"showSkybox":true,"showFlares":true,"showImageEffects":true,"showParticleSystems":true},"in2DMode":false,"pivot":{"x":0.7062864899635315,"y":1.6938711404800416,"z":-3.1033856868743898},"rotation":{"x":-0.2124585211277008,"y":-0.03195634484291077,"z":0.006940911989659071,"w":-0.9766456484794617},"size":1.406766653060913,"orthographic":false}