{"cameraMode":{"drawMode":0,"name":"Shaded","section":"Shading Mode"},"sceneLighting":false,"audioPlay":false,"sceneViewState":{"showFog":true,"showMaterialUpdate":false,"showSkybox":false,"showFlares":true,"showImageEffects":true,"showParticleSystems":true},"in2DMode":false,"pivot":{"x":-8.970000267028809,"y":2.2227554321289064,"z":0.7987098693847656},"rotation":{"x":-0.058023758232593539,"y":-0.6276043653488159,"z":0.046941064298152927,"w":-0.7749797701835632},"size":1.4380974769592286,"orthographic":true}