{"cameraMode":{"drawMode":0,"name":"Shaded","section":"Shading Mode"},"sceneLighting":true,"audioPlay":false,"sceneViewState":{"showFog":true,"showMaterialUpdate":false,"showSkybox":true,"showFlares":true,"showImageEffects":true,"showParticleSystems":true},"in2DMode":false,"pivot":{"x":-0.052048683166503909,"y":2.2227554321289064,"z":0.7987098693847656},"rotation":{"x":-0.24352693557739259,"y":-0.06715412437915802,"z":0.016913827508687974,"w":-0.9674384593963623},"size":8.880677223205567,"orthographic":false}