{"cameraMode":{"drawMode":0,"name":"Shaded","section":"Shading Mode"},"sceneLighting":true,"audioPlay":false,"sceneViewState":{"showFog":true,"showMaterialUpdate":false,"showSkybox":true,"showFlares":true,"showImageEffects":true,"showParticleSystems":true},"in2DMode":false,"pivot":{"x":0.000012159347534179688,"y":0.19328060746192933,"z":-0.005999922752380371},"rotation":{"x":0.1908411830663681,"y":0.30519118905067446,"z":-0.06255856901407242,"w":0.9309094548225403},"size":5.239213943481445,"orthographic":true}