{"cameraMode":{"drawMode":0,"name":"Shaded","section":"Shading Mode"},"sceneLighting":true,"audioPlay":false,"sceneViewState":{"showFog":true,"showMaterialUpdate":true,"showSkybox":true,"showFlares":true,"showImageEffects":true,"showParticleSystems":true},"in2DMode":false,"pivot":{"x":0.000012159347534179688,"y":0.19328060746192933,"z":8.993999481201172},"rotation":{"x":0.021552979946136476,"y":0.8738325238227844,"z":-0.039149120450019839,"w":0.4843060076236725},"size":13.022601127624512,"orthographic":true}