{"cameraMode":{"drawMode":0,"name":"Shaded","section":"Shading Mode"},"sceneLighting":false,"audioPlay":false,"sceneViewState":{"showFog":true,"showMaterialUpdate":true,"showSkybox":false,"showFlares":true,"showImageEffects":true,"showParticleSystems":true},"in2DMode":false,"pivot":{"x":0.19200003147125245,"y":0.4186303913593292,"z":0.009999960660934449},"rotation":{"x":0.014448277652263642,"y":0.7114590406417847,"z":-0.014826381579041481,"w":0.7025212645530701},"size":0.39801865816116335,"orthographic":true}