{"cameraMode":{"drawMode":0,"name":"Shaded","section":"Shading Mode"},"sceneLighting":false,"audioPlay":false,"sceneViewState":{"showFog":true,"showMaterialUpdate":false,"showSkybox":false,"showFlares":true,"showImageEffects":true,"showParticleSystems":true},"in2DMode":false,"pivot":{"x":-10.119999885559082,"y":2.2227554321289064,"z":0.7987098693847656},"rotation":{"x":-0.02519889548420906,"y":-0.00570511631667614,"z":0.00013130877050571144,"w":-0.9996882677078247},"size":0.75,"orthographic":true}