{"cameraMode":{"drawMode":0,"name":"Shaded","section":"Shading Mode"},"sceneLighting":false,"audioPlay":false,"sceneViewState":{"showFog":true,"showMaterialUpdate":true,"showSkybox":false,"showFlares":true,"showImageEffects":true,"showParticleSystems":true},"in2DMode":false,"pivot":{"x":-0.6499878168106079,"y":1.0032806396484376,"z":8.993999481201172},"rotation":{"x":0.0401899553835392,"y":0.01169693935662508,"z":-0.0005017865332774818,"w":0.9991822242736816},"size":3.342529058456421,"orthographic":true}