{"cameraMode":{"drawMode":0,"name":"Shaded","section":"Shading Mode"},"sceneLighting":false,"audioPlay":false,"sceneViewState":{"showFog":true,"showMaterialUpdate":false,"showSkybox":false,"showFlares":true,"showImageEffects":true,"showParticleSystems":true},"in2DMode":false,"pivot":{"x":423.9859619140625,"y":239.63336181640626,"z":-58.47566223144531},"rotation":{"x":-0.009290630929172039,"y":0.9906260967254639,"z":-0.08970709890127182,"w":-0.1025962308049202},"size":161.43978881835938,"orthographic":false}