{"cameraMode":{"drawMode":0,"name":"Shaded","section":"Shading Mode"},"sceneLighting":true,"audioPlay":false,"sceneViewState":{"showFog":true,"showMaterialUpdate":true,"showSkybox":true,"showFlares":true,"showImageEffects":true,"showParticleSystems":true},"in2DMode":false,"pivot":{"x":0.000012159347534179688,"y":0.19328060746192933,"z":119.99400329589844},"rotation":{"x":-0.06755874305963516,"y":0.9210054874420166,"z":-0.18444687128067017,"w":-0.3366091847419739},"size":4.293232440948486,"orthographic":true}